Workbook

Sheet Read me
A1: MindQuest – testing workbook (step 12)
A2: Use this workbook for system testing (your own tests on the phone and dashboard) and to analyse the user acceptance test (UAT) answers from the Google Form.
A4: How to fill it in
A5: • Only type in the YELLOW cells. Everything else (totals, percentages, SUS scores) is worked out by formulas.
A6: • System tests: run each test on the phone, choose Pass / Fail / Blocked / Not run, and write what happened in Notes. Add a row in Bugs for every Fail.
A7: • Summary: updates by itself from the System tests sheet.
A8: • UAT tasks: copy the counts from the Google Form task grid (Responses → Summary).
A9: • SUS: paste each participant's 10 SUS answers (1 = strongly disagree … 5 = strongly agree) in one row. The score (0–100) appears on the right. Row 4 is an example and is not counted.
A10: • Likert: copy how many people chose 1, 2, 3, 4 and 5 for each statement (Google Form summary shows these counts).
A12: Notes
A13: • The Covers column uses the proposal's requirement IDs where known (FR 3 gamification, FR 4 articles, FR 5 helplines/crisis, FR 7 and UC-06 reporting, UC-01 chat, UC-02 mood). Check them against the proposal and adjust.
A14: • SUS scoring: odd items score−1, even items 5−score, sum × 2.5 (Brooke, 1996). 68 is the commonly used average; above 68 is above average usability.
A15: • Performance targets (replies within 3 s, start within 5 s) are working targets; use the proposal's NFR values if they differ.

Sheet System tests
A1: ID | B1: Area | C1: Covers | D1: Steps | E1: Expected result | F1: Result | G1: Notes / what happened | H1: Date | I1: Device
A2: ST-01 | B2: Sign-in and onboarding | C2: Accounts | D2: Fresh install. Welcome → Continue anonymously. Enter a nickname, pick English, tick the privacy box, Let's go. | E2: Home opens with "Hi, <nickname>" and today's date. | F2: Not run
A3: ST-02 | B3: Sign-in and onboarding | C3: Accounts | D3: On onboarding, leave the privacy box unticked. | E3: Let's go stays disabled until it is ticked. | F3: Not run
A4: ST-03 | B4: Sign-in and onboarding | C4: Accounts | D4: Create account with a wrong email (abc), then a 5-letter password, then valid details. | E4: Clear error for each wrong field; valid details create the account (or ask to confirm the email). | F4: Not run
A5: ST-04 | B5: Sign-in and onboarding | C5: Accounts | D5: Sign in with the right email and a wrong password. | E5: "That email or password is not right." No crash. | F5: Not run
A6: ST-05 | B6: Sign-in and onboarding | C6: Accounts | D6: Welcome → Continue with Google, pick an account. | E6: Comes back to the app signed in (Onboarding for a new account, Home otherwise). | F6: Not run
A7: ST-06 | B7: Sign-in and onboarding | C7: Accounts | D7: Anonymous account: Profile → Save your progress → email → enter the 6-digit code → set a password. | E7: Profile shows the email; signing in on another phone shows the same XP. | F7: Not run
A8: ST-07 | B8: Sign-in and onboarding | C8: Accounts | D8: Anonymous account: Profile → Sign out. | E8: Warning that data can't be recovered; Stay keeps you signed in. | F8: Not run
A9: ST-08 | B9: Privacy | C9: NFR privacy | D9: Profile → Delete my data → type DELETE (or FUTA) → Delete. | E9: Back on Welcome; signing in again with the same account is not possible; dashboard student count drops by 1. | F9: Not run
A10: ST-09 | B10: Language | C10: Bilingual (EN/SW) | D10: Profile → Language → SW. Visit every tab, then chat "habari". | E10: All screens in Kiswahili (dates too); Chipu replies in Kiswahili. Switch back to EN works. | F10: Not run
A11: ST-10 | B11: Chatbot | C11: UC-01 | D11: Chat: "Hi, my name is Amani". | E11: Chipu greets Amani by name. | F11: Not run
A12: ST-11 | B12: Chatbot | C12: UC-01 | D12: Chat: "I'm so stressed about exams", then "yes" to the breathing offer. | E12: Supportive stress reply with a breathing offer; "yes" gives the breathing steps. | F12: Not run
A13: ST-12 | B13: Chatbot | C13: UC-01 | D13: Chat in Kiswahili: "nina wasiwasi sana kuhusu kesho". | E13: Reply about worry, in the profile language. | F13: Not run
... A49: ST-48 | B49: Compatibility | C49: NFR portability | D49: Install the release APK on a second Android phone (different brand/version). | E49: Installs and runs ST-01, ST-11, ST-21 without problems. | F49: Not run

Sheet Summary
A1: System test summary
A3: Result | B3: Tests
A4: Pass | B4: =COUNTIF('System tests'!$F$2:$F$49,A4) -> 0
A5: Fail | B5: =COUNTIF('System tests'!$F$2:$F$49,A5) -> 0
A6: Blocked | B6: =COUNTIF('System tests'!$F$2:$F$49,A6) -> 0
A7: Not run | B7: =COUNTIF('System tests'!$F$2:$F$49,A7) -> 48
A8: Total | B8: =SUM(B4:B7) -> 48
A9: Pass rate (of tests run) | B9: =IF(B4+B5+B6=0,"-",B4/(B4+B5+B6)) -> -
A11: Area | B11: Tests | C11: Pass | D11: Fail | E11: Blocked | F11: Not run | G11: Pass rate
A12: Sign-in and onboarding | B12: =COUNTIF('System tests'!$B$2:$B$49,A12) -> 7 | C12: =COUNTIFS('System tests'!$B$2:$B$49,$A12,'System tests'!$F$2:$F$49,"Pass") -> 0 | D12: =COUNTIFS('System tests'!$B$2:$B$49,$A12,'System tests'!$F$2:$F$49,"Fail") -> 0 | E12: =COUNTIFS('System tests'!$B$2:$B$49,$A12,'System tests'!$F$2:$F$49,"Blocked") -> 0 | F12: =COUNTIFS('System tests'!$B$2:$B$49,$A12,'System tests'!$F$2:$F$49,"Not run") -> 7 | G12: =IF(C12+D12+E12=0,"-",C12/(C12+D12+E12)) -> -
A13: Privacy | B13: =COUNTIF('System tests'!$B$2:$B$49,A13) -> 1 | C13: =COUNTIFS('System tests'!$B$2:$B$49,$A13,'System tests'!$F$2:$F$49,"Pass") -> 0 | D13: =COUNTIFS('System tests'!$B$2:$B$49,$A13,'System tests'!$F$2:$F$49,"Fail") -> 0 | E13: =COUNTIFS('System tests'!$B$2:$B$49,$A13,'System tests'!$F$2:$F$49,"Blocked") -> 0 | F13: =COUNTIFS('System tests'!$B$2:$B$49,$A13,'System tests'!$F$2:$F$49,"Not run") -> 1 | G13: =IF(C13+D13+E13=0,"-",C13/(C13+D13+E13)) -> -
A14: Language | B14: =COUNTIF('System tests'!$B$2:$B$49,A14) -> 1 | C14: =COUNTIFS('System tests'!$B$2:$B$49,$A14,'System tests'!$F$2:$F$49,"Pass") -> 0 | D14: =COUNTIFS('System tests'!$B$2:$B$49,$A14,'System tests'!$F$2:$F$49,"Fail") -> 0 | E14: =COUNTIFS('System tests'!$B$2:$B$49,$A14,'System tests'!$F$2:$F$49,"Blocked") -> 0 | F14: =COUNTIFS('System tests'!$B$2:$B$49,$A14,'System tests'!$F$2:$F$49,"Not run") -> 1 | G14: =IF(C14+D14+E14=0,"-",C14/(C14+D14+E14)) -> -
A15: Chatbot | B15: =COUNTIF('System tests'!$B$2:$B$49,A15) -> 8 | C15: =COUNTIFS('System tests'!$B$2:$B$49,$A15,'System tests'!$F$2:$F$49,"Pass") -> 0 | D15: =COUNTIFS('System tests'!$B$2:$B$49,$A15,'System tests'!$F$2:$F$49,"Fail") -> 0 | E15: =COUNTIFS('System tests'!$B$2:$B$49,$A15,'System tests'!$F$2:$F$49,"Blocked") -> 0 | F15: =COUNTIFS('System tests'!$B$2:$B$49,$A15,'System tests'!$F$2:$F$49,"Not run") -> 8 | G15: =IF(C15+D15+E15=0,"-",C15/(C15+D15+E15)) -> -
A16: Crisis detection | B16: =COUNTIF('System tests'!$B$2:$B$49,A16) -> 2 | C16: =COUNTIFS('System tests'!$B$2:$B$49,$A16,'System tests'!$F$2:$F$49,"Pass") -> 0 | D16: =COUNTIFS('System tests'!$B$2:$B$49,$A16,'System tests'!$F$2:$F$49,"Fail") -> 0 | E16: =COUNTIFS('System tests'!$B$2:$B$49,$A16,'System tests'!$F$2:$F$49,"Blocked") -> 0 | F16: =COUNTIFS('System tests'!$B$2:$B$49,$A16,'System tests'!$F$2:$F$49,"Not run") -> 2 | G16: =IF(C16+D16+E16=0,"-",C16/(C16+D16+E16)) -> -
A17: Performance | B17: =COUNTIF('System tests'!$B$2:$B$49,A17) -> 2 | C17: =COUNTIFS('System tests'!$B$2:$B$49,$A17,'System tests'!$F$2:$F$49,"Pass") -> 0 | D17: =COUNTIFS('System tests'!$B$2:$B$49,$A17,'System tests'!$F$2:$F$49,"Fail") -> 0 | E17: =COUNTIFS('System tests'!$B$2:$B$49,$A17,'System tests'!$F$2:$F$49,"Blocked") -> 0 | F17: =COUNTIFS('System tests'!$B$2:$B$49,$A17,'System tests'!$F$2:$F$49,"Not run") -> 2 | G17: =IF(C17+D17+E17=0,"-",C17/(C17+D17+E17)) -> -
A18: Mood tracking | B18: =COUNTIF('System tests'!$B$2:$B$49,A18) -> 4 | C18: =COUNTIFS('System tests'!$B$2:$B$49,$A18,'System tests'!$F$2:$F$49,"Pass") -> 0 | D18: =COUNTIFS('System tests'!$B$2:$B$49,$A18,'System tests'!$F$2:$F$49,"Fail") -> 0 | E18: =COUNTIFS('System tests'!$B$2:$B$49,$A18,'System tests'!$F$2:$F$49,"Blocked") -> 0 | F18: =COUNTIFS('System tests'!$B$2:$B$49,$A18,'System tests'!$F$2:$F$49,"Not run") -> 4 | G18: =IF(C18+D18+E18=0,"-",C18/(C18+D18+E18)) -> -
A19: Gamification | B19: =COUNTIF('System tests'!$B$2:$B$49,A19) -> 4 | C19: =COUNTIFS('System tests'!$B$2:$B$49,$A19,'System tests'!$F$2:$F$49,"Pass") -> 0 | D19: =COUNTIFS('System tests'!$B$2:$B$49,$A19,'System tests'!$F$2:$F$49,"Fail") -> 0 | E19: =COUNTIFS('System tests'!$B$2:$B$49,$A19,'System tests'!$F$2:$F$49,"Blocked") -> 0 | F19: =COUNTIFS('System tests'!$B$2:$B$49,$A19,'System tests'!$F$2:$F$49,"Not run") -> 4 | G19: =IF(C19+D19+E19=0,"-",C19/(C19+D19+E19)) -> -
A20: Learn | B20: =COUNTIF('System tests'!$B$2:$B$49,A20) -> 1 | C20: =COUNTIFS('System tests'!$B$2:$B$49,$A20,'System tests'!$F$2:$F$49,"Pass") -> 0 | D20: =COUNTIFS('System tests'!$B$2:$B$49,$A20,'System tests'!$F$2:$F$49,"Fail") -> 0 | E20: =COUNTIFS('System tests'!$B$2:$B$49,$A20,'System tests'!$F$2:$F$49,"Blocked") -> 0 | F20: =COUNTIFS('System tests'!$B$2:$B$49,$A20,'System tests'!$F$2:$F$49,"Not run") -> 1 | G20: =IF(C20+D20+E20=0,"-",C20/(C20+D20+E20)) -> -
A21: Support | B21: =COUNTIF('System tests'!$B$2:$B$49,A21) -> 2 | C21: =COUNTIFS('System tests'!$B$2:$B$49,$A21,'System tests'!$F$2:$F$49,"Pass") -> 0 | D21: =COUNTIFS('System tests'!$B$2:$B$49,$A21,'System tests'!$F$2:$F$49,"Fail") -> 0 | E21: =COUNTIFS('System tests'!$B$2:$B$49,$A21,'System tests'!$F$2:$F$49,"Blocked") -> 0 | F21: =COUNTIFS('System tests'!$B$2:$B$49,$A21,'System tests'!$F$2:$F$49,"Not run") -> 2 | G21: =IF(C21+D21+E21=0,"-",C21/(C21+D21+E21)) -> -
A22: Offline | B22: =COUNTIF('System tests'!$B$2:$B$49,A22) -> 4 | C22: =COUNTIFS('System tests'!$B$2:$B$49,$A22,'System tests'!$F$2:$F$49,"Pass") -> 0 | D22: =COUNTIFS('System tests'!$B$2:$B$49,$A22,'System tests'!$F$2:$F$49,"Fail") -> 0 | E22: =COUNTIFS('System tests'!$B$2:$B$49,$A22,'System tests'!$F$2:$F$49,"Blocked") -> 0 | F22: =COUNTIFS('System tests'!$B$2:$B$49,$A22,'System tests'!$F$2:$F$49,"Not run") -> 4 | G22: =IF(C22+D22+E22=0,"-",C22/(C22+D22+E22)) -> -
A23: Reminders | B23: =COUNTIF('System tests'!$B$2:$B$49,A23) -> 2 | C23: =COUNTIFS('System tests'!$B$2:$B$49,$A23,'System tests'!$F$2:$F$49,"Pass") -> 0 | D23: =COUNTIFS('System tests'!$B$2:$B$49,$A23,'System tests'!$F$2:$F$49,"Fail") -> 0 | E23: =COUNTIFS('System tests'!$B$2:$B$49,$A23,'System tests'!$F$2:$F$49,"Blocked") -> 0 | F23: =COUNTIFS('System tests'!$B$2:$B$49,$A23,'System tests'!$F$2:$F$49,"Not run") -> 2 | G23: =IF(C23+D23+E23=0,"-",C23/(C23+D23+E23)) -> -
... A27: Compatibility | B27: =COUNTIF('System tests'!$B$2:$B$49,A27) -> 1 | C27: =COUNTIFS('System tests'!$B$2:$B$49,$A27,'System tests'!$F$2:$F$49,"Pass") -> 0 | D27: =COUNTIFS('System tests'!$B$2:$B$49,$A27,'System tests'!$F$2:$F$49,"Fail") -> 0 | E27: =COUNTIFS('System tests'!$B$2:$B$49,$A27,'System tests'!$F$2:$F$49,"Blocked") -> 0 | F27: =COUNTIFS('System tests'!$B$2:$B$49,$A27,'System tests'!$F$2:$F$49,"Not run") -> 1 | G27: =IF(C27+D27+E27=0,"-",C27/(C27+D27+E27)) -> -

Sheet UAT tasks
A1: UAT tasks: how many participants managed each task (from the Google Form task grid)
A3: Task | B3: What the participant does | C3: Done when | D3: Done easily | E3: Done with some difficulty | F3: Couldn't do it | G3: Didn't try | H3: Answers | I3: Completion rate | J3: Done easily (%)
A4: T1 | B4: Install MindQuest from the link, start it and choose your language. | C4: Reaches Home. | H4: =SUM(D4:G4) -> 0 | I4: =IF(H4-G4<=0,"-",(D4+E4)/(H4-G4)) -> - | J4: =IF(H4-G4<=0,"-",D4/(H4-G4)) -> -
A5: T2 | B5: Check in your mood and add what it is about (a tag). | C5: Sees the summary from Chipu. | H5: =SUM(D5:G5) -> 0 | I5: =IF(H5-G5<=0,"-",(D5+E5)/(H5-G5)) -> - | J5: =IF(H5-G5<=0,"-",D5/(H5-G5)) -> -
A6: T3 | B6: Chat with Chipu about how your week is going, and ask for a breathing exercise. | C6: Gets a fitting reply and the breathing steps. | H6: =SUM(D6:G6) -> 0 | I6: =IF(H6-G6<=0,"-",(D6+E6)/(H6-G6)) -> - | J6: =IF(H6-G6<=0,"-",D6/(H6-G6)) -> -
A7: T4 | B7: Find an article that interests you, read it and mark it as read. | C7: Gets +5 XP. | H7: =SUM(D7:G7) -> 0 | I7: =IF(H7-G7<=0,"-",(D7+E7)/(H7-G7)) -> - | J7: =IF(H7-G7<=0,"-",D7/(H7-G7)) -> -
A8: T5 | B8: Find your level, your badges and your weekly quest. | C8: Opens Rewards (or Profile). | H8: =SUM(D8:G8) -> 0 | I8: =IF(H8-G8<=0,"-",(D8+E8)/(H8-G8)) -> - | J8: =IF(H8-G8<=0,"-",D8/(H8-G8)) -> -
A9: T6 | B9: Find where to get help quickly if things feel too heavy. | C9: Opens Support / helplines. | H9: =SUM(D9:G9) -> 0 | I9: =IF(H9-G9<=0,"-",(D9+E9)/(H9-G9)) -> - | J9: =IF(H9-G9<=0,"-",D9/(H9-G9)) -> -
A10: T7 | B10: Switch the app to the other language, then back. | C10: All screens change language. | H10: =SUM(D10:G10) -> 0 | I10: =IF(H10-G10<=0,"-",(D10+E10)/(H10-G10)) -> - | J10: =IF(H10-G10<=0,"-",D10/(H10-G10)) -> -
A11: T8 | B11: Turn on the daily reminder. | C11: Reminder is on in Profile. | H11: =SUM(D11:G11) -> 0 | I11: =IF(H11-G11<=0,"-",(D11+E11)/(H11-G11)) -> - | J11: =IF(H11-G11<=0,"-",D11/(H11-G11)) -> -
B13: Completion rate = done (easily or with difficulty) ÷ participants who tried. A common target is 78% or more per task.

Sheet SUS
A1: System Usability Scale (SUS): one row per participant, answers 1–5
A3: Participant | B3: Q1 | C3: Q2 | D3: Q3 | E3: Q4 | F3: Q5 | G3: Q6 | H3: Q7 | I3: Q8 | J3: Q9 | K3: Q10 | L3: SUS score | N3: Results
A4: Example | B4: 4 | C4: 2 | D4: 4 | E4: 1 | F4: 4 | G4: 2 | H4: 5 | I4: 2 | J4: 4 | K4: 2 | L4: =IF(COUNT(B4:K4)=10,((B4-1)+(5-C4)+(D4-1)+(5-E4)+(F4-1)+(5-G4)+(H4-1)+(5-I4)+(J4-1)+(5-K4))*2.5,"") -> 80 | N4: Participants | O4: =COUNT(L5:L34) -> 0
A5: P01 | L5: =IF(COUNT(B5:K5)=10,((B5-1)+(5-C5)+(D5-1)+(5-E5)+(F5-1)+(5-G5)+(H5-1)+(5-I5)+(J5-1)+(5-K5))*2.5,"") | N5: Mean SUS | O5: =IF(COUNT(L5:L34)=0,"-",AVERAGE(L5:L34)) -> -
A6: P02 | L6: =IF(COUNT(B6:K6)=10,((B6-1)+(5-C6)+(D6-1)+(5-E6)+(F6-1)+(5-G6)+(H6-1)+(5-I6)+(J6-1)+(5-K6))*2.5,"") | N6: Median | O6: =IF(COUNT(L5:L34)=0,"-",MEDIAN(L5:L34)) -> -
A7: P03 | L7: =IF(COUNT(B7:K7)=10,((B7-1)+(5-C7)+(D7-1)+(5-E7)+(F7-1)+(5-G7)+(H7-1)+(5-I7)+(J7-1)+(5-K7))*2.5,"") | N7: Standard deviation | O7: =IF(COUNT(L5:L34)<2,"-",STDEV(L5:L34)) -> -
A8: P04 | L8: =IF(COUNT(B8:K8)=10,((B8-1)+(5-C8)+(D8-1)+(5-E8)+(F8-1)+(5-G8)+(H8-1)+(5-I8)+(J8-1)+(5-K8))*2.5,"") | N8: Lowest | O8: =IF(COUNT(L5:L34)=0,"-",MIN(L5:L34)) -> -
A9: P05 | L9: =IF(COUNT(B9:K9)=10,((B9-1)+(5-C9)+(D9-1)+(5-E9)+(F9-1)+(5-G9)+(H9-1)+(5-I9)+(J9-1)+(5-K9))*2.5,"") | N9: Highest | O9: =IF(COUNT(L5:L34)=0,"-",MAX(L5:L34)) -> -
A10: P06 | L10: =IF(COUNT(B10:K10)=10,((B10-1)+(5-C10)+(D10-1)+(5-E10)+(F10-1)+(5-G10)+(H10-1)+(5-I10)+(J10-1)+(5-K10))*2.5,"") | N10: Above the average of 68? | O10: =IF(COUNT(L5:L34)=0,"-",IF(AVERAGE(L5:L34)>68,"Yes","No")) -> -
A11: P07 | L11: =IF(COUNT(B11:K11)=10,((B11-1)+(5-C11)+(D11-1)+(5-E11)+(F11-1)+(5-G11)+(H11-1)+(5-I11)+(J11-1)+(5-K11))*2.5,"")
A12: P08 | L12: =IF(COUNT(B12:K12)=10,((B12-1)+(5-C12)+(D12-1)+(5-E12)+(F12-1)+(5-G12)+(H12-1)+(5-I12)+(J12-1)+(5-K12))*2.5,"") | N12: Questions
A13: P09 | L13: =IF(COUNT(B13:K13)=10,((B13-1)+(5-C13)+(D13-1)+(5-E13)+(F13-1)+(5-G13)+(H13-1)+(5-I13)+(J13-1)+(5-K13))*2.5,"") | N13: Q1. I think that I would like to use MindQuest frequently.
A14: P10 | L14: =IF(COUNT(B14:K14)=10,((B14-1)+(5-C14)+(D14-1)+(5-E14)+(F14-1)+(5-G14)+(H14-1)+(5-I14)+(J14-1)+(5-K14))*2.5,"") | N14: Q2. I found MindQuest unnecessarily complex.
A15: P11 | L15: =IF(COUNT(B15:K15)=10,((B15-1)+(5-C15)+(D15-1)+(5-E15)+(F15-1)+(5-G15)+(H15-1)+(5-I15)+(J15-1)+(5-K15))*2.5,"") | N15: Q3. I thought MindQuest was easy to use.
A16: P12 | L16: =IF(COUNT(B16:K16)=10,((B16-1)+(5-C16)+(D16-1)+(5-E16)+(F16-1)+(5-G16)+(H16-1)+(5-I16)+(J16-1)+(5-K16))*2.5,"") | N16: Q4. I think that I would need the support of a technical person to be able to use MindQuest.
A17: P13 | L17: =IF(COUNT(B17:K17)=10,((B17-1)+(5-C17)+(D17-1)+(5-E17)+(F17-1)+(5-G17)+(H17-1)+(5-I17)+(J17-1)+(5-K17))*2.5,"") | N17: Q5. I found the various functions in MindQuest were well integrated.
A18: P14 | L18: =IF(COUNT(B18:K18)=10,((B18-1)+(5-C18)+(D18-1)+(5-E18)+(F18-1)+(5-G18)+(H18-1)+(5-I18)+(J18-1)+(5-K18))*2.5,"") | N18: Q6. I thought there was too much inconsistency in MindQuest.
A19: P15 | L19: =IF(COUNT(B19:K19)=10,((B19-1)+(5-C19)+(D19-1)+(5-E19)+(F19-1)+(5-G19)+(H19-1)+(5-I19)+(J19-1)+(5-K19))*2.5,"") | N19: Q7. I would imagine that most people would learn to use MindQuest very quickly.
A20: P16 | L20: =IF(COUNT(B20:K20)=10,((B20-1)+(5-C20)+(D20-1)+(5-E20)+(F20-1)+(5-G20)+(H20-1)+(5-I20)+(J20-1)+(5-K20))*2.5,"") | N20: Q8. I found MindQuest very cumbersome to use.
A21: P17 | L21: =IF(COUNT(B21:K21)=10,((B21-1)+(5-C21)+(D21-1)+(5-E21)+(F21-1)+(5-G21)+(H21-1)+(5-I21)+(J21-1)+(5-K21))*2.5,"") | N21: Q9. I felt very confident using MindQuest.
A22: P18 | L22: =IF(COUNT(B22:K22)=10,((B22-1)+(5-C22)+(D22-1)+(5-E22)+(F22-1)+(5-G22)+(H22-1)+(5-I22)+(J22-1)+(5-K22))*2.5,"") | N22: Q10. I needed to learn a lot of things before I could get going with MindQuest.
A23: P19 | L23: =IF(COUNT(B23:K23)=10,((B23-1)+(5-C23)+(D23-1)+(5-E23)+(F23-1)+(5-G23)+(H23-1)+(5-I23)+(J23-1)+(5-K23))*2.5,"")
A24: P20 | L24: =IF(COUNT(B24:K24)=10,((B24-1)+(5-C24)+(D24-1)+(5-E24)+(F24-1)+(5-G24)+(H24-1)+(5-I24)+(J24-1)+(5-K24))*2.5,"")
A25: P21 | L25: =IF(COUNT(B25:K25)=10,((B25-1)+(5-C25)+(D25-1)+(5-E25)+(F25-1)+(5-G25)+(H25-1)+(5-I25)+(J25-1)+(5-K25))*2.5,"")
A26: P22 | L26: =IF(COUNT(B26:K26)=10,((B26-1)+(5-C26)+(D26-1)+(5-E26)+(F26-1)+(5-G26)+(H26-1)+(5-I26)+(J26-1)+(5-K26))*2.5,"")
A27: P23 | L27: =IF(COUNT(B27:K27)=10,((B27-1)+(5-C27)+(D27-1)+(5-E27)+(F27-1)+(5-G27)+(H27-1)+(5-I27)+(J27-1)+(5-K27))*2.5,"")
A28: P24 | L28: =IF(COUNT(B28:K28)=10,((B28-1)+(5-C28)+(D28-1)+(5-E28)+(F28-1)+(5-G28)+(H28-1)+(5-I28)+(J28-1)+(5-K28))*2.5,"")
A29: P25 | L29: =IF(COUNT(B29:K29)=10,((B29-1)+(5-C29)+(D29-1)+(5-E29)+(F29-1)+(5-G29)+(H29-1)+(5-I29)+(J29-1)+(5-K29))*2.5,"")
A30: P26 | L30: =IF(COUNT(B30:K30)=10,((B30-1)+(5-C30)+(D30-1)+(5-E30)+(F30-1)+(5-G30)+(H30-1)+(5-I30)+(J30-1)+(5-K30))*2.5,"")
A31: P27 | L31: =IF(COUNT(B31:K31)=10,((B31-1)+(5-C31)+(D31-1)+(5-E31)+(F31-1)+(5-G31)+(H31-1)+(5-I31)+(J31-1)+(5-K31))*2.5,"")
A32: P28 | L32: =IF(COUNT(B32:K32)=10,((B32-1)+(5-C32)+(D32-1)+(5-E32)+(F32-1)+(5-G32)+(H32-1)+(5-I32)+(J32-1)+(5-K32))*2.5,"")
A33: P29 | L33: =IF(COUNT(B33:K33)=10,((B33-1)+(5-C33)+(D33-1)+(5-E33)+(F33-1)+(5-G33)+(H33-1)+(5-I33)+(J33-1)+(5-K33))*2.5,"")
A34: P30 | L34: =IF(COUNT(B34:K34)=10,((B34-1)+(5-C34)+(D34-1)+(5-E34)+(F34-1)+(5-G34)+(H34-1)+(5-I34)+(J34-1)+(5-K34))*2.5,"")

Sheet Likert
A1: MindQuest statements: how many chose each answer (1 = strongly disagree … 5 = strongly agree)
A3: # | B3: Statement | C3: 1 | D3: 2 | E3: 3 | F3: 4 | G3: 5 | H3: Answers | I3: Agree (4–5) | J3: Mean
A4: L1 | B4: Chipu understood what I wrote. | H4: =SUM(C4:G4) -> 0 | I4: =IF(H4=0,"-",(F4+G4)/H4) -> - | J4: =IF(H4=0,"-",(C4*1+D4*2+E4*3+F4*4+G4*5)/H4) -> -
A5: L2 | B5: Chipu's replies felt kind and supportive. | H5: =SUM(C5:G5) -> 0 | I5: =IF(H5=0,"-",(F5+G5)/H5) -> - | J5: =IF(H5=0,"-",(C5*1+D5*2+E5*3+F5*4+G5*5)/H5) -> -
A6: L3 | B6: Chatting in Kiswahili or Sheng worked well. | H6: =SUM(C6:G6) -> 0 | I6: =IF(H6=0,"-",(F6+G6)/H6) -> - | J6: =IF(H6=0,"-",(C6*1+D6*2+E6*3+F6*4+G6*5)/H6) -> -
A7: L4 | B7: Earning XP, levels and badges made me want to come back. | H7: =SUM(C7:G7) -> 0 | I7: =IF(H7=0,"-",(F7+G7)/H7) -> - | J7: =IF(H7=0,"-",(C7*1+D7*2+E7*3+F7*4+G7*5)/H7) -> -
A8: L5 | B8: The daily quests and streak encouraged me to check in. | H8: =SUM(C8:G8) -> 0 | I8: =IF(H8=0,"-",(F8+G8)/H8) -> - | J8: =IF(H8=0,"-",(C8*1+D8*2+E8*3+F8*4+G8*5)/H8) -> -
A9: L6 | B9: Chipu's mood insights helped me notice something about my moods. | H9: =SUM(C9:G9) -> 0 | I9: =IF(H9=0,"-",(F9+G9)/H9) -> - | J9: =IF(H9=0,"-",(C9*1+D9*2+E9*3+F9*4+G9*5)/H9) -> -
A10: L7 | B10: The articles were useful to me. | H10: =SUM(C10:G10) -> 0 | I10: =IF(H10=0,"-",(F10+G10)/H10) -> - | J10: =IF(H10=0,"-",(C10*1+D10*2+E10*3+F10*4+G10*5)/H10) -> -
A11: L8 | B11: I know where in the app to find help in a crisis. | H11: =SUM(C11:G11) -> 0 | I11: =IF(H11=0,"-",(F11+G11)/H11) -> - | J11: =IF(H11=0,"-",(C11*1+D11*2+E11*3+F11*4+G11*5)/H11) -> -
A12: L9 | B12: I trust MindQuest to keep my information private. | H12: =SUM(C12:G12) -> 0 | I12: =IF(H12=0,"-",(F12+G12)/H12) -> - | J12: =IF(H12=0,"-",(C12*1+D12*2+E12*3+F12*4+G12*5)/H12) -> -
A13: L10 | B13: I would recommend MindQuest to a friend. | H13: =SUM(C13:G13) -> 0 | I13: =IF(H13=0,"-",(F13+G13)/H13) -> - | J13: =IF(H13=0,"-",(C13*1+D13*2+E13*3+F13*4+G13*5)/H13) -> -
B15: "Not applicable" answers (e.g. L3 for people who only used English) are left out.

Sheet Bugs
A1: Bug | B1: Found in (test or participant) | C1: What happened | D1: Steps to repeat | E1: Severity | F1: Status | G1: Fixed in (commit)
A2: Example | B2: ST-39 | C2: Level pill cut off with the largest font | D2: Settings → font size max → Home | E2: Minor | F2: Fixed | G2: e60da74
A3: B01
A4: B02
A5: B03
A6: B04
A7: B05
A8: B06
A9: B07
A10: B08
A11: B09
A12: B10
A13: B11
A14: B12
... A32: B30
